dataset,vertices,edges,dijkstra_time,delta_time,parallel_v1_time,parallel_v2_time,seq_speedup,par_v1_speedup,par_v2_speedup,correctness
ca-GrQc.txt,5242,28980,0.061556,0.503458,0.728222,1.326181,0.122266,0.691353,0.379630,PASS
ca-HepTh.txt,9877,51971,10.543958,46.160917,80.232528,23.130444,0.228417,0.575339,1.995678,PASS
ca-AstroPh.txt,18772,396160,38.155264,615.030056,1280.553250,92.802486,0.062038,0.480285,6.627302,PASS
ca-CondMat.txt,23133,186936,36.757431,158.801917,470.235389,49.558028,0.231467,0.337707,3.204363,PASS
Slashdot0811.txt,77360,905468,119.705055,1104.539834,12771.011708,220.339056,0.108375,0.086488,5.012910,PASS
