dataset,vertices,edges,dijkstra_time,delta_time,parallel_v1_time,parallel_v2_time,seq_speedup,par_v1_speedup,par_v2_speedup,correctness
ca-GrQc.txt,5242,28980,0.063472,0.497500,0.716041,1.461472,0.127582,0.694792,0.340410,PASS
ca-HepTh.txt,9877,51971,10.348000,41.325514,81.098778,22.466333,0.250402,0.509570,1.839442,PASS
ca-AstroPh.txt,18772,396160,35.748708,644.321694,1646.282486,100.249111,0.055483,0.391380,6.427206,PASS
ca-CondMat.txt,23133,186936,31.094375,176.216111,694.894861,56.719264,0.176456,0.253587,3.106812,PASS
Slashdot0811.txt,77360,905468,140.138625,1321.076653,15850.484111,247.529097,0.106079,0.083346,5.337056,PASS
